{
    "hidden_neuron_count": [
        2
    ],
    "input_neuron_count": 2,
    "output_neuron_count": 2,
    "weights": [
        [
            [
                -0.46111265843307825,
                -0.22750790104890706
            ],
            [
                1.6907311992804641,
                0.8952402646801224
            ]
        ],
        [
            [
                -0.0013940896145556963,
                0.0012432369181202888
            ],
            [
                2.0639116889073956,
                0.7040428499342557
            ]
        ]
    ]
}