{
    "hidden_neuron_count": [
        2
    ],
    "input_neuron_count": 2,
    "output_neuron_count": 2,
    "weights": [
        [
            [
                -0.4214486927845626,
                -0.2168394287063429
            ],
            [
                1.6590204281394008,
                0.8569352405702683
            ]
        ],
        [
            [
                0.04469179605379016,
                -0.041016427694301444
            ],
            [
                2.0866255676679324,
                0.680959144415741
            ]
        ]
    ]
}